[
    {
        "name": "UI elements",
        "class": "nav-header hidden-folded"
    },
    {
        "id": "1",
        "name": "Components",
        "link": "#",
        "desc": "Extended Bootstrap components",
        "icon": "<i data-feather='grid'></i>",
        "class": ""
    },
    {
        "id": "2",
        "name": "Plugins",
        "link": "#",
        "desc": "jQuery plugins",
        "badge": "",
        "badge_class": "",
        "icon": "<i data-feather='box'></i>",
        "class": ""
    },
    {
        "id": "3",
        "name": "Form",
        "link": "#",
        "desc": "Different types of input elements",
        "icon": "<i data-feather='disc'></i>",
        "class": ""
    },
    {
        "id": "4",
        "name": "Tables",
        "link": "#",
        "desc": "Well organized and easy to understand data",
        "icon": "<i data-feather='list'></i>",
        "class": ""
    },
    {
        "id": "5",
        "name": "Charts",
        "link": "#",
        "desc": "A sheet of information in the form of graph",
        "icon": "<i data-feather='pie-chart'></i>",
        "class": ""
    },
    {
        "name": "Extra",
        "class": "nav-header hidden-folded"
    },
    {
        "id": "6",
        "name": "Pages",
        "link": "#",
        "desc": "Extended Bootstrap components",
        "icon": "<i data-feather='file'></i>",
        "class": ""
    },
    {
        "id": "7",
        "name": "Auth",
        "link": "#",
        "desc": "Extended Bootstrap components",
        "icon": "<i data-feather='lock'></i>",
        "class": ""
    },
    {
        "id": "11",
        "p_id": "1",
        "name": "Alert",
        "link": "ui.alert.html",
        "desc": "Feedback messages for typical user actions "
    },
    {
        "id": "12",
        "p_id": "1",
        "name": "Badge",
        "link": "ui.badge.html",
        "desc": "Small count and labeling component."
    },
    {
        "id": "13",
        "p_id": "1",
        "name": "Button",
        "link": "ui.button.html",
        "desc": "Button styles for actions in forms, dialogs"
    },
    {
        "id": "14",
        "p_id": "1",
        "name": "Card",
        "link": "ui.card.html",
        "desc": "A flexible and extensible content container"
    },
    {
        "id": "15",
        "p_id": "1",
        "name": "Carousel",
        "link": "ui.carousel.html",
        "desc": "A slideshow component for cycling through elements"
    },
    {
        "id": "16",
        "p_id": "1",
        "name": "Color",
        "link": "ui.color.html",
        "desc": "Convey meaning through color with a handful of color utility classes"
    },
    {
        "id": "16",
        "p_id": "1",
        "name": "Dropdown",
        "link": "ui.dropdown.html",
        "desc": "Toggle contextual overlays for displaying lists of links and more"
    },
    {
        "id": "16",
        "p_id": "1",
        "name": "Grid",
        "link": "ui.grid.html",
        "desc": "Powerful mobile-first flexbox grid "
    },
    {
        "id": "16",
        "p_id": "1",
        "name": "Icon",
        "link": "ui.icon.html",
        "desc": "Simply beautiful open source icons"
    },
    {
        "id": "17",
        "p_id": "1",
        "name": "List",
        "link": "ui.list.html",
        "desc": "Display data with in a list way"
    },
    {
        "id": "18",
        "p_id": "1",
        "name": "Modal",
        "link": "ui.modal.html",
        "desc": "Add dialogs to your application"
    },
    {
        "id": "19",
        "p_id": "1",
        "name": "Navbar",
        "link": "ui.navbar.html",
        "desc": "Responsive navigation header"
    },
    {
        "id": "111",
        "p_id": "1",
        "name": "Sidenav",
        "link": "ui.sidenav.html",
        "desc": "Responsive navigation in a sidebar"
    },
    {
        "id": "113",
        "p_id": "1",
        "name": "Timeline",
        "link": "ui.timeline.html",
        "desc": "Activities in history"
    },
    {
        "id": "114",
        "p_id": "1",
        "name": "Tab &amp; Collpase",
        "link": "ui.tab.html",
        "desc": "Toggle the visibility of content"
    },
    {
        "id": "115",
        "p_id": "1",
        "name": "Tooltip &amp; Popover",
        "link": "ui.tooltip.html",
        "desc": "Manage poppers in web applications"
    },
    {
        "id": "21",
        "p_id": "2",
        "name": "Infinite Scroll",
        "link": "ui.scroll.html",
        "desc": "An infinite scrolling plugin"
    },
    {
        "id": "22",
        "p_id": "2",
        "name": "Sortable",
        "link": "ui.sortable.html",
        "desc": "Reorderable drag-and-drop lists."
    },
    {
        "id": "24",
        "p_id": "2",
        "name": "Vector Map",
        "link": "ui.map.html",
        "desc": "jQuery Vector Map Library"
    },
    {
        "id": "31",
        "p_id": "3",
        "name": "Form Element",
        "link": "form.element.html",
        "desc": "Custom components for creating a wide variety of forms"
    },
    {
        "id": "32",
        "p_id": "3",
        "name": "Form Layout",
        "link": "form.layout.html",
        "desc": "Grid layout in form controls"
    },
    {
        "id": "33",
        "p_id": "3",
        "name": "Form Validation",
        "link": "form.validation.html",
        "desc": "Provide valuable, actionable feedback to your users"
    },
    {
        "id": "34",
        "p_id": "3",
        "name": "Editor",
        "link": "form.editor.html",
        "desc": "Super simple WYSIWYG editor"
    },
    {
        "id": "35",
        "p_id": "3",
        "name": "Datepicker",
        "link": "form.datepicker.html",
        "desc": "A datepicker for twitter bootstrap"
    },
    {
        "id": "36",
        "p_id": "3",
        "name": "Select",
        "link": "form.select.html",
        "desc": "Replacement for select boxes"
    },
    {
        "id": "37",
        "p_id": "3",
        "name": "Wizard",
        "link": "form.wizard.html",
        "desc": "A wizard out of a formatter tabbable structure"
    },
    {
        "id": "38",
        "p_id": "3",
        "name": "File Upload",
        "link": "form.dropzone.html",
        "desc": "Drag and drop file uploader"
    },
    {
        "id": "41",
        "p_id": "4",
        "name": "Style",
        "link": "table.style.html",
        "desc": "Format data into a table"
    },
    {
        "id": "42",
        "p_id": "4",
        "name": "Bootstrap Table",
        "link": "table.bootstrap.html",
        "desc": "An extended Bootstrap table with radio, checkbox, sort, pagination"
    },
    {
        "id": "43",
        "p_id": "4",
        "name": "Datatables",
        "link": "table.datatables.html",
        "desc": "Tables plug-in for jQuery"
    },
    {
        "id": "50",
        "p_id": "5",
        "name": "Apexchart",
        "link": "chart.apex.html",
        "desc": "Interactive SVG Charts"
    },
    {
        "id": "51",
        "p_id": "5",
        "name": "Chartist",
        "link": "chart.chartist.html",
        "desc": "Simple responsive charts"
    },
    {
        "id": "52",
        "p_id": "5",
        "name": "Chartjs",
        "link": "chart.chartjs.html",
        "desc": "Simple HTML5 Charts using the canvas tag"
    },
    {
        "id": "61",
        "p_id": "6",
        "name": "Profile",
        "link": "page.profile.html",
        "desc": "Your personal information"
    },
    {
        "id": "62",
        "p_id": "6",
        "name": "Search",
        "link": "page.search.html",
        "desc": "Search what you want"
    },
    {
        "id": "63",
        "p_id": "6",
        "name": "Invoice",
        "link": "page.invoice.html",
        "desc": "Invoice application"
    },
    {
        "id": "64",
        "p_id": "6",
        "name": "FAQ",
        "link": "page.faq.html",
        "desc": "Frequently asked and answered"
    },
    {
        "id": "65",
        "p_id": "6",
        "name": "Price",
        "link": "page.price.html",
        "desc": "Service pricing table"
    },
    {
        "id": "66",
        "p_id": "6",
        "name": "Setting",
        "link": "page.setting.html",
        "desc": "Configure the things"
    },
    {
        "id": "67",
        "p_id": "6",
        "name": "Blank",
        "link": "page.blank.html",
        "desc": "Start application in a blank page"
    },
    {
        "id": "71",
        "p_id": "7",
        "name": "Signin",
        "link": "signin.html",
        "desc": "Glad to have you back"
    },
    {
        "id": "72",
        "p_id": "7",
        "name": "Signup",
        "link": "signup.html",
        "desc": "Welcome to this application"
    },
    {
        "id": "73",
        "p_id": "7",
        "name": "Forgot Password",
        "link": "forgot-password.html",
        "desc": "Get back your password"
    },
    {
        "id": "74",
        "p_id": "7",
        "name": "Lockme Screen",
        "link": "lockme.html",
        "desc": "Lock screen"
    },
    {
        "id": "75",
        "p_id": "7",
        "name": "Error 404",
        "link": "404.html",
        "desc": "oh, no"
    },
    {
        "id": "76",
        "p_id": "7",
        "name": "Error 505",
        "link": "505.html",
        "desc": "no way"
    }

]
