[
    {
      "type": "audio",
      "id": "90835896",
      "title": "Wake Me Up",
      "subtitle": "Avicii",
      "img": "../assets/img/a0.jpg",
      "source": "https://audio-ssl.itunes.apple.com/apple-assets-us-std-000001/Music4/v4/ba/b2/1d/bab21d96-ffab-78d6-5e4f-dd42e32562e4/mzaf_5313062365683687423.plus.aac.p.m4a",
      "uri": "https://itunes.apple.com/cn/album/wake-me-up/id675749329",
      "thumb": "../assets/img/c0.jpg",
      "category": "Electronic",
      "tag": "all"
    },
    {
      "type": "audio",
      "id": "92570808",
      "title": "Rude",
      "subtitle": "Magic!",
      "img": "../assets/img/a1.jpg",
      "previewurl": "https://audio-ssl.itunes.apple.com/apple-assets-us-std-000001/Music4/v4/64/3d/c1/643dc113-29d1-08de-78e2-a4ab4c3f1730/mzaf_5420937162202173294.plus.aac.p.m4a",
      "uri": "https://itunes.apple.com/cn/album/rude/id881629097",
      "thumb": "../assets/img/c1.jpg",
      "category": "Pop",
      "tag": "Canada"
    },
    {
      "type": "audio",
      "id": "263013345",
      "title": "Reality",
      "subtitle": "Lost Frequencies Feat. Janieck Devy",
      "img": "../assets/img/a2.jpg",
      "previewurl": "https://audio-ssl.itunes.apple.com/apple-assets-us-std-000001/Music1/v4/f2/52/4b/f2524bfb-d546-affa-e89f-f165a1c99cb0/mzaf_2577649036970470026.plus.aac.p.m4a",
      "uri": "https://itunes.apple.com/cn/album/reality-feat-janieck-devy/id995270145",
      "thumb": "../assets/img/c2.jpg",
      "category": "Electronic",
      "tag": "all"
    },
    {
      "type": "audio",
      "id": "258710574",
      "title": "Stressed Out",
      "subtitle": "Twenty One Pilots",
      "img": "../assets/img/a3.jpg",
      "previewurl": "https://audio-ssl.itunes.apple.com/apple-assets-us-std-000001/Music7/v4/03/c0/60/03c060ce-1617-e556-def2-4fd34d7e1f24/mzaf_8527312642501236756.plus.aac.p.m4a",
      "uri": "https://itunes.apple.com/cn/album/stressed-out/id974485462",
      "thumb": "../assets/img/c3.jpg",
      "category": "Pop",
      "tag": "USA"
    },
    {
      "type": "audio",
      "id": "75007235",
      "title": "Scream & Shout",
      "subtitle": "will.i.am Feat. Britney Spears",
      "img": "../assets/img/a4.jpg",
      "previewurl": "https://audio-ssl.itunes.apple.com/apple-assets-us-std-000001/Music/v4/2d/16/73/2d16730a-4f8a-f86b-b078-29a8c8e03ca8/mzaf_4212496176990487601.plus.aac.p.m4a",
      "uri": "https://itunes.apple.com/cn/album/scream-shout-feat-britney-spears/id765531850",
      "thumb": "../assets/img/c4.jpg",
      "category": "R&B",
      "tag": "USA"
    },
    {
      "type": "audio",
      "id": "324443962",
      "title": "Closer",
      "subtitle": "The Chainsmokers Feat. Halsey",
      "img": "../assets/img/a5.jpg",
      "previewurl": "https://audio-ssl.itunes.apple.com/apple-assets-us-std-000001/AudioPreview62/v4/bd/6b/34/bd6b3443-d4c3-26fd-91c8-d0b31ab47ee3/mzaf_8046559398209773051.plus.aac.p.m4a",
      "uri": "https://itunes.apple.com/cn/album/closer-feat-halsey/id1136768287",
      "thumb": "../assets/img/c5.jpg",
      "category": "all",
      "tag": "USA"
    },
    {
      "type": "audio",
      "id": "234782921",
      "title": "Lean On",
      "subtitle": "Major Lazer Feat. MØ & DJ Snake",
      "img": "../assets/img/a6.jpg",
      "previewurl": "https://audio-ssl.itunes.apple.com/apple-assets-us-std-000001/Music69/v4/02/4c/98/024c9802-ce83-e0b4-3cd3-11c5c6284cdb/mzaf_9006921880389738307.plus.aac.p.m4a",
      "uri": "https://itunes.apple.com/cn/album/lean-on-feat-m%C3%B8-dj-snake/id1056418024",
      "thumb": "../assets/img/c6.jpg",
      "category": "Electronic",
      "tag": "USA"
    },
    {
      "type": "audio",
      "id": "86035248",
      "title": "Blurred Lines",
      "subtitle": "Robin Thicke Feat. T.I. & Pharrell",
      "img": "../assets/img/a7.jpg",
      "previewurl": "https://audio-ssl.itunes.apple.com/apple-assets-us-std-000001/Music1/v4/ca/8c/3d/ca8c3dc7-51cf-78b8-4fbc-7607893c155f/mzaf_6545808409327260529.plus.aac.p.m4a",
      "uri": "https://itunes.apple.com/cn/album/blurred-lines-feat-t-i-pharrell/id696161922",
      "thumb": "../assets/img/c7.jpg",
      "category": "R&B",
      "tag": "USA"
    },
    {
      "type": "audio",
      "id": "119205187",
      "title": "Cheerleader (Felix Jaehn Remix)",
      "subtitle": "Omi",
      "img": "../assets/img/a8.jpg",
      "previewurl": "https://audio-ssl.itunes.apple.com/apple-assets-us-std-000001/AudioPreview128/v4/37/14/59/37145906-fb86-aca7-9b10-7477644cb56a/mzaf_168581445824271384.plus.aac.p.m4a",
      "uri": "https://itunes.apple.com/cn/album/cheerleader-felix-jaehn-remix/id1032857403",
      "thumb": "../assets/img/c8.jpg",
      "category": "all",
      "tag": "all"
    },
    {
      "type": "audio",
      "id": "53754394",
      "title": "Can't Hold Us",
      "subtitle": "Macklemore & Ryan Lewis Feat. Ray Dalton",
      "img": "../assets/img/a9.jpg",
      "previewurl": "https://audio-ssl.itunes.apple.com/apple-assets-us-std-000001/Music/04/e1/7b/mzi.gpwvrrex.aac.p.m4a",
      "uri": "https://itunes.apple.com/cn/album/cant-hold-us-feat-ray-dalton/id560097651",
      "thumb": "../assets/img/c9.jpg",
      "category": "all",
      "tag": "USA"
    },
    {
      "type": "audio",
      "id": "312058991",
      "title": "This Girl",
      "subtitle": "Kungs & Cookin' On 3 Burners",
      "img": "../assets/img/a10.jpg",
      "previewurl": "https://audio-ssl.itunes.apple.com/apple-assets-us-std-000001/AudioPreview62/v4/04/b6/28/04b62834-121f-b3af-47b3-2485ff499e14/mzaf_4474193750897158038.plus.aac.p.m4a",
      "uri": "https://itunes.apple.com/cn/album/this-girl-kungs-vs-cookin-on-3-burners/id1163860108",
      "thumb": "../assets/img/c10.jpg",
      "category": "all",
      "tag": "France"
    },
    {
      "type": "audio",
      "id": "338965882",
      "title": "Shape Of You",
      "subtitle": "Ed Sheeran",
      "img": "../assets/img/a11.jpg",
      "previewurl": "https://audio-ssl.itunes.apple.com/apple-assets-us-std-000001/AudioPreview111/v4/65/ca/83/65ca8336-2e09-a0bb-a810-2a6b8864e770/mzaf_3545919152242528717.plus.aac.p.m4a",
      "uri": "https://itunes.apple.com/cn/album/shape-of-you/id1193701079",
      "thumb": "../assets/img/c11.jpg",
      "category": "Pop",
      "tag": "United Kingdom"
    },
    {
      "type": "audio",
      "id": "160157606",
      "title": "Uptown Funk",
      "subtitle": "Mark Ronson Feat. Bruno Mars",
      "img": "../assets/img/a12.jpg",
      "previewurl": "https://audio-ssl.itunes.apple.com/apple-assets-us-std-000001/Music5/v4/e2/e2/60/e2e260ca-b3d8-f8a4-1b7c-ffd95eea52c1/mzaf_6400110211813760072.plus.aac.p.m4a",
      "uri": "https://itunes.apple.com/cn/album/uptown-funk-feat-bruno-mars/id943946661",
      "thumb": "../assets/img/c12.jpg",
      "category": "Pop",
      "tag": "United Kingdom"
    },
    {
      "type": "audio",
      "id": "83147960",
      "title": "Counting Stars",
      "subtitle": "OneRepublic",
      "img": "../assets/img/a13.jpg",
      "previewurl": "https://audio-ssl.itunes.apple.com/apple-assets-us-std-000001/Music2/v4/31/59/ea/3159ea9f-9179-5f58-76db-78d6bd6f8e66/mzaf_8681357548341273533.plus.aac.p.m4a",
      "uri": "https://itunes.apple.com/cn/album/counting-stars/id603542914",
      "thumb": "../assets/img/c13.jpg",
      "category": "Rock",
      "tag": "USA"
    },
    {
      "type": "audio",
      "id": "303988181",
      "title": "Cheap Thrills",
      "subtitle": "Sia",
      "img": "../assets/img/a14.jpg",
      "previewurl": "https://audio-ssl.itunes.apple.com/apple-assets-us-std-000001/AudioPreview71/v4/fb/0c/fc/fb0cfc4d-dfc7-18fc-89c9-f2302a9fc65a/mzaf_9146754008516582895.plus.aac.p.m4a",
      "uri": "https://itunes.apple.com/cn/album/cheap-thrills-feat-sean-paul/id1162482526",
      "thumb": "../assets/img/c14.jpg",
      "category": "Pop",
      "tag": "Australia"
    },
    {
      "type": "audio",
      "id": "82924078",
      "title": "Get Lucky",
      "subtitle": "Daft Punk Feat. Pharrell Williams",
      "img": "../assets/img/a15.jpg",
      "previewurl": "https://audio-ssl.itunes.apple.com/apple-assets-us-std-000001/Music/v4/fa/37/1c/fa371cea-559d-f418-506a-5fdf64bed3fe/mzaf_1505180730434746810.plus.aac.p.m4a",
      "uri": "https://itunes.apple.com/cn/album/get-lucky-feat-pharrell-williams-nile-rodgers/id617154241",
      "thumb": "../assets/img/c15.jpg",
      "category": "France",
      "tag": "Electronic"
    },
    {
      "type": "audio",
      "id": "274510331",
      "title": "I Took A Pill In Ibiza (Seeb Remix)",
      "subtitle": "Mike Posner",
      "img": "../assets/img/a16.jpg",
      "previewurl": "https://audio-ssl.itunes.apple.com/apple-assets-us-std-000001/AudioPreview18/v4/08/88/4e/08884e55-a919-5115-cea7-e64f6d5a7000/mzaf_4233156385128356622.plus.aac.p.m4a",
      "uri": "https://itunes.apple.com/cn/album/i-took-a-pill-in-ibiza/id1112946015",
      "thumb": "../assets/img/c16.jpg",
      "category": "Pop",
      "tag": "all"
    },
    {
      "type": "audio",
      "id": "83196096",
      "title": "Stolen Dance",
      "subtitle": "Milky Chance",
      "img": "../assets/img/a17.jpg",
      "previewurl": "https://audio-ssl.itunes.apple.com/apple-assets-us-std-000001/Music/v4/96/2f/d0/962fd0e2-5010-1a2c-5822-c6637e22b1df/mzaf_827319468004061581.plus.aac.p.m4a",
      "uri": "https://itunes.apple.com/cn/album/stolen-dance/id611146546",
      "thumb": "../assets/img/c17.jpg",
      "category": "all",
      "tag": "Germany"
    },
    {
      "type": "audio",
      "id": "53550342",
      "title": "Safe And Sound",
      "subtitle": "Capital Cities",
      "img": "../assets/img/a18.jpg",
      "previewurl": "https://audio-ssl.itunes.apple.com/apple-assets-us-std-000001/Music6/v4/0e/f0/ff/0ef0ff4d-7110-e701-2d95-119715a8de60/mzaf_3382802394094315711.plus.aac.p.m4a",
      "uri": "https://itunes.apple.com/cn/album/safe-and-sound/id872762539",
      "thumb": "../assets/img/c18.jpg",
      "category": "all",
      "tag": "USA"
    },
    {
      "type": "audio",
      "id": "163144443",
      "title": "Firestone",
      "subtitle": "Kygo Feat. Conrad Sewell",
      "img": "../assets/img/a19.jpg",
      "previewurl": "https://audio-ssl.itunes.apple.com/apple-assets-us-std-000001/Music2/v4/5e/53/70/5e5370c5-3da1-7a76-587e-7e8827ee534c/mzaf_807237753747484753.plus.aac.p.m4a",
      "uri": "https://itunes.apple.com/cn/album/firestone-feat-conrad-sewell/id1033456474",
      "thumb": "../assets/img/c19.jpg",
      "category": "Electronic",
      "tag": "Norway"
    },
    {
      "type": "audio",
      "id": "89551205",
      "title": "Happy (From \"Despicable Me 2\")",
      "subtitle": "Pharrell Williams",
      "img": "../assets/img/a20.jpg",
      "previewurl": "https://audio-ssl.itunes.apple.com/apple-assets-us-std-000001/Music/v4/fb/6f/53/fb6f536e-540e-7572-bcd8-70413277f8e5/mzaf_4420416069866314124.plus.aac.p.m4a",
      "uri": "https://itunes.apple.com/cn/album/happy-from-despicable-me-2/id783656910",
      "thumb": "../assets/img/c20.jpg",
      "category": "Rap",
      "tag": "USA"
    }
]
